,kpa,kSOCSon,kd4,k_d4,R1,R2,kint_a,kint_b,krec_a2,krec_b2
count,5000.0,5000.0,5000.0,5000.0,5000.0,5000.0,5000.0,5000.0,5000.0,5000.0
mean,-6.018631381913968,-5.99442262851212,-0.5013353674378488,-2.2476323254372144,3.302872262148746,3.301222934538819,-3.3023560717586324,-3.7419120584754397,-2.3018210397427494,-2.999939006573807
std,0.2863782019457303,0.2942913974045791,0.19449230137629336,0.19587114637793404,0.20455786212992116,0.18469153133330052,0.27373482821505235,0.29380018602389796,0.268563803637449,0.2812204218984979
min,-7.01232138662444,-7.101711494286979,-1.1001666204964682,-3.0114381976457416,2.6904225165127214,2.6858415651325185,-4.235043502470411,-4.556965448686878,-3.0264117293921,-4.035272580618558
25%,-6.20841713123175,-6.177204093368562,-0.6363462525990478,-2.3714793608571956,3.1620740654398443,3.18553142295051,-3.4835056543011405,-3.951629269635145,-2.486477187344762,-3.184728235919029
50%,-6.016600071857569,-5.980132633371192,-0.4921134913746162,-2.251072410102631,3.3040809344050004,3.303275627763756,-3.2980188890649433,-3.742741151601031,-2.321710667113861,-2.9956229898098896
75%,-5.836931210645166,-5.800543208252402,-0.37611575848361833,-2.1174350342765376,3.4402472707932015,3.42062534092881,-3.123482306705501,-3.536538195096613,-2.137490701046491,-2.8072613158456736
max,-5.136106361823629,-5.05435477149756,0.09907576404221907,-1.6631857660998415,3.9480813756976856,3.8439377735559606,-2.3884047088211333,-2.8735835826610483,-1.4037301987551232,-2.1446528875724735
