,variable,GR Statistic
0,kpa,1.0871196871620383
1,kSOCSon,1.0976338795986764
2,kd4,1.0531741400069183
3,k_d4,1.0320469933620187
4,delR,0.9960917373900551
5,gamma,1.1316193154803529
