,name,mean,std dev,5%,95%
0,kpa,4.270753554401311e-06,3.069042386978051e-06,8.177691552525206e-07,1.341359051828488e-05
1,kSOCSon,3.2306669680487556e-05,4.278079498103663e-05,2.230034093980127e-06,0.00016683251138551142
2,kd4,0.5201412749805232,0.3658068901704431,0.13501873748538123,1.2821254451720967
3,k_d4,0.2785331272049367,0.4238462341777769,0.0021299574116082362,1.4258886453281252
4,delR,-1281.1782661618317,1756.0343907548865,-3609.4251289729036,2450.7103819724557
5,gamma,4.802682596299856,4.707508811373645,1.160179478226656,19.317360645271727
