,name,mean,std dev,5%,95%
0,kpa,1.023824387440042e-06,6.071332809961607e-07,4.159545858910435e-07,2.2857225290842746e-06
1,kSOCSon,1.4652446344387295e-06,2.6865998321651344e-07,1.0912616562996467e-06,1.8837712042231396e-06
2,kd4,0.2126640057957818,0.07998086422797984,0.1126921393876064,0.38049324396957507
3,k_d4,0.013066114649174409,0.04082290615306964,0.0007850095938563709,0.056179314035282965
4,R1,2467.3113166530966,316.5108924788368,2017.5186432658898,3063.011867016694
5,R2,1163.7675691981026,658.992350048363,282.6428986832317,2128.0380390419036
6,gamma,3.1705682015464483,0.7728463384658301,2.1335804207403077,4.63016503080218
