,name,mean,std dev,5%,95%
0,kpa,9.298240097938288e-07,6.017071271596131e-07,3.7691231742781177e-07,1.8120082767160305e-06
1,kSOCSon,1.7401781313619493e-06,8.562622025675746e-07,7.153329310009881e-07,3.3102912127791307e-06
2,kd4,0.7603403041415818,0.7693297226101792,0.08586443646895298,2.028140452412216
3,k_d4,0.6359889575760186,0.8655624332766927,0.0003437223282321994,1.8883334411247357
4,R1,962.3392059830736,849.9568493318894,103.24273202278792,2890.540343088515
5,R2,7387.012101541394,3305.329072260335,2972.54091558886,11081.700256068514
6,gamma,3.2965440316597907,1.1211581908362118,2.178639171396373,5.169538675779627
