,kpa,kSOCSon,kd4,k_d4,R1,R2,gamma
0,1e-06,1e-06,0.3,0.006,2000.0,2000.0,4.0
1,1.000041852267862e-06,9.910891625158848e-07,0.30989681990197165,0.005828607882186423,1642.4021819592401,1970.1717321159824,2.112771210746849
2,1.000034210901058e-06,1.0781355568514554e-06,0.30936067195799655,0.005726560618381289,2795.0748846968872,1996.2660939438872,1.866569684462581
3,1.0000800468995153e-06,9.677482952889433e-07,0.3076031128179219,0.005752287638078962,3191.812296399256,2105.152274002344,1.504416606720112
