,K_Jak1,K_Jak2,K_STAT_STAT1,K_STAT_STAT3,K_SOCS,scale_factor
count,25000.0,25000.0,25000.0,25000.0,25000.0,25000.0
mean,1.0693116075683646,1.2004683757302268,1.1893213963850946,1.1244592340352155,1.2319384339533277,1.2637942213133184
std,1.5255461799409185,1.5429035159627387,1.5775262164928174,1.5942676459565213,1.6007570785503593,1.570158373314413
min,-4.20702566793962,-4.3441476711232205,-4.740306206731182,-3.7338845981006887,-4.410005541210452,-3.7586561703423684
25%,0.02759001606842068,0.1635385627170269,0.09009367970617044,-0.011412760903180547,0.12385094047872751,0.16223353688067688
50%,1.0456723927284886,1.1907046037358213,1.1762045542758048,1.1497623199353677,1.2159075494089282,1.238591001086156
75%,2.083123313144436,2.2377818701592007,2.2746645996604835,2.2256967471915,2.335116826039529,2.334779420774211
max,7.643270981096537,6.763177461435919,6.4178724741056525,6.367833259243085,6.372871407406516,6.365066039631852
