,kpa,kSOCSon,kd4,k_d4,R1,R2,kint_a,kint_b,krec_a2,krec_b2
count,5000.0,5000.0,5000.0,5000.0,5000.0,5000.0,5000.0,5000.0,5000.0,5000.0
mean,-6.0053736112417635,-6.009945785545652,-0.5031093008515239,-2.2345503936057023,3.3124857630794895,3.312853913577261,-3.2886754450256444,-3.6429132901432006,-2.265568046304099,-2.952198639130032
std,0.2797613861175459,0.27242472370058246,0.18864766212231804,0.20308620449179837,0.1967621385753802,0.18605703121685677,0.27859409166056937,0.29116529439260036,0.2835014344450674,0.29407303765828924
min,-6.931228465136553,-6.8280856631587605,-1.1317835712810684,-2.967868919206937,2.6019201835271826,2.7562568047823452,-4.185167960027996,-4.839551030057993,-3.099680853886457,-4.078553503068049
25%,-6.196942772598373,-6.2096982249014925,-0.6213764750089251,-2.3683309964063417,3.1787360739527686,3.1872062717854583,-3.4711781292130577,-3.8278436896682426,-2.4626809412887734,-3.152006645878301
50%,-6.005239039994954,-6.008729864885929,-0.5059798695131452,-2.2367715148273506,3.3198454468621286,3.313374415881348,-3.295524872254483,-3.6397334806655426,-2.272015990690079,-2.9563345037750817
75%,-5.8243124866328415,-5.8317449669414705,-0.38125959761453804,-2.1162262369678584,3.451731393947197,3.4321668115887953,-3.107495967548535,-3.4548954846641844,-2.084000545798951,-2.7487242464085164
max,-5.152343905918955,-5.080325827755557,0.23526039192887654,-1.5571744367777718,3.9282910118161807,4.081684612190632,-2.279461726688771,-2.636204037281481,-1.33509767976483,-1.9342698898365227
