,kpa,kSTATbinding,kSOCSon,kd4,k_d4,delR,meanR,kloc,kSOCSmRNA,mRNAdeg,mRNAtrans,kSOCS,gamma
0,1.0,1e-06,1.7e-06,0.87,0.86,-1878.0,2000.0,0.00123,0.001,0.0005,0.001,0.005,19.01055175167987
1,1.206426219626931,1.4681802200851164e-06,1.8306787349235842e-06,1.3091874031925206,0.771597844368144,-2452.4251402846844,1352.1522695995761,0.001178691298621749,0.0008271159504929834,0.0004936614924826398,0.0009292288338366279,0.004639325413147403,93.96940950477915
2,1.234445541907202,9.977310538399967e-07,2.059651006566585e-06,1.1463939288341811,0.8355907451950038,-2152.591614602426,1206.5178614556876,0.0013263026381852374,0.0007683767422114197,0.00046042183446025163,0.0008102872677955182,0.005047954199107372,148.92750262210274
3,1.1060670508144421,1.917508676169486e-06,1.969910038706575e-06,0.9737957136620359,0.719793153657562,-1472.9152135996821,1808.4499745725725,0.0015509482936637805,0.0007464670751339564,0.0004371314736161738,0.0009729346431598861,0.006531134385766736,9.858367109016687
4,1.1605923169237689,1.940128278137527e-06,1.6868364105613023e-06,1.0542772970983043,0.8965123007366057,-1220.9066714537225,1769.0796670489415,0.0013767475280846591,0.0007669426477354557,0.00048737420661824904,0.0010250209885152442,0.006740282715752162,10.59031964826503
5,1.481030408483994,1.5158382920247498e-06,1.702383774626277e-06,0.9993983956084453,0.6945527137864127,-1295.8007691293255,2515.1922209721124,0.0013703201700214595,0.0008774395852185374,0.0005033456469637561,0.000898222627441601,0.006660564333606117,5.3521579011120854
