,variable,GR Statistic
0,kpa,1.2167045929681404
1,kSOCSon,1.7544150118569486
2,kd4,1.4447869544144536
3,k_d4,1.3441476418164495
4,delR,1.0283947487574037
5,meanR,1.310419697041867
6,gamma,1.5477537416664522
