,variable,GR Statistic
0,kpa,1.4953437696437006
1,kSOCSon,1.9878201032300002
2,kd4,1.185669767722117
3,k_d4,1.0583949154644412
4,delR,1.1382517981476556
5,gamma,1.6797077111147949
