,variable,GR Statistic
0,kpa,7.251148126643174
1,kSOCSon,6.0892522377075124
2,kd4,2.160493854335005
3,k_d4,1.4773866805258637
4,delR,3.188838321518575
5,gamma,2.0775672849482967
