,variable,GR Statistic
0,kpa,1.3486481147652425
1,kSOCSon,1.084207378571343
2,kd4,1.0372430449280232
3,k_d4,1.012484131286185
4,R1,1.3893574733721146
5,R2,1.4613059185487625
6,gamma,1.082807178345279
