,variable,GR Statistic
0,kpa,4.98811927469723
1,kSOCSon,4.436645034184045
2,kd4,1.8505327130428433
3,k_d4,1.372860918533711
4,delR,1.7124453064066623
5,gamma,2.5449759166884665
