,variable,GR Statistic
0,kpa,30.605162660528485
1,kSOCSon,5.935995222644488
2,kd4,1.814397329290476
3,k_d4,1.0588193111127238
4,delR,7.538754540817061
5,gamma,7.891873276968498
