,variable,GR Statistic
0,kpa,5.608343844031248
1,kSOCSon,5.226018961063886
2,kd4,1.6449106920435876
3,k_d4,2.292846538046014
4,delR,1.0839442833939605
5,gamma,1.5478911311781363
