,variable,GR Statistic
0,kpa,1.414711011158993
1,kSOCSon,1.0951329935248062
2,kd4,1.2663879286366648
3,k_d4,1.232727993038835
4,R1,1.9809052985594828
5,R2,1.0770177858662782
6,gamma,1.2071308311097508
