,variable,GR Statistic
0,kpa,1.4123776188990285
1,kSOCSon,1.430136348016723
2,kd4,1.3939994401403208
3,k_d4,1.114664138675266
4,delR,1.2487720540678924
5,gamma,2.0519770188994544
