,variable,GR Statistic
0,kpa,8.896891266524355
1,kSOCSon,6.845207102757622
2,kd4,2.6684778158000877
3,k_d4,1.3053664690557527
4,delR,2.5042593186681303
5,gamma,2.472361369108352
