,variable,GR Statistic
0,kpa,1.6555301275742067
1,kSOCSon,1.8882381016599783
2,kd4,1.1035753924975156
3,k_d4,1.0018142233682048
4,delR,1.318288295712872
5,gamma,1.2706424982298898
