,variable,GR Statistic
0,kpa,5.029376911750545
1,kSOCSon,2.593979515100724
2,kd4,1.9231117432143765
3,k_d4,1.2850462053937324
4,R1,12.07302104403182
5,R2,9.122592828745372
6,gamma,1.4678558837949773
