,name,mean,std dev,2.5%,25%,75%,97.5%
0,kpa,5.098844929973328e-09,2.9199716451074135e-09,1.4419770290175675e-09,2.1073937117687585e-09,7.415029731938424e-09,1.0048880524926803e-08
1,kSOCSon,3.65419005083658e-05,1.0927474399982069e-05,1.9683335632910395e-05,2.6765783874466224e-05,4.427559583294212e-05,5.832485375461526e-05
2,kd4,1.4197828492615143,1.3247899816776436,0.1741480943488851,0.28693874383247503,2.397456972250484,4.306875329930708
3,k_d4,1.9707438566277802,1.9828322753394585,0.14098241519725754,0.26094710079712746,2.9611735311240954,6.157146696620302
4,delR,1330.333112029933,1355.3783664494815,-1271.8534753219342,189.366520750338,2262.066412977654,3698.3411705731587
5,gamma,1373.749922293861,912.6602755483178,416.6787013714337,771.6780380414419,1818.7656433220734,3720.5061688679225
