,name,mean,std dev,2.5%,25%,75%,97.5%
0,kpa,4.990853003234655e-09,9.78547539778593e-10,3.8718225462869735e-09,4.275088852062361e-09,5.551799735913318e-09,7.121962361754099e-09
1,kSOCSon,4.718810014445192e-07,1.0144098148686155e-07,3.4050523824397366e-07,3.923836345412822e-07,5.586670666225278e-07,6.595036000281329e-07
2,kd4,0.23311682184380406,0.055694822884156864,0.1834498348579724,0.18870163811261506,0.24544366173311616,0.37120568333076714
3,k_d4,0.0005315936762479538,0.00045990142482332005,6.651576069614438e-05,0.00016135892961178938,0.0009655547055822792,0.001330756967434863
4,delR,4175.866665530064,949.7962670512908,2648.423810497296,3361.5713051230487,5029.908669151309,5467.734629463843
5,meanR,6160.023204705522,443.3367771088048,5254.443132372075,5931.40357480514,6488.4902231725555,6857.809778820701
