,name,mean,std dev,2.5%,25%,75%,97.5%
0,kpa,3.1978890397749056e-06,4.998865442382647e-06,1.3668856537318847e-07,4.4621986859256475e-07,3.525224936848723e-06,2.1116898951920504e-05
1,kSOCSon,0.025214432841084038,0.02265901368367941,0.0018646929972043497,0.008552538563877539,0.03505659775869616,0.08360702300575827
2,kd4,748217.8799169485,2606853.1530966247,429.0610177906724,3450.1295110471888,197997.38245241385,10679089.921304831
3,k_d4,6.054863968237159e+41,8.157722622750126e+42,0.04019457204792164,1631.986614541824,2.1510572006718215e+31,9.259670547485813e+41
4,delR,8051.352453587797,4454.784660834087,-2536.870378197267,5449.5843487502225,11316.098471853644,15513.42092852131
5,gamma,-94.7042481946412,69.68779852218019,-211.3055072843897,-135.1432471972256,-58.08893288973987,59.874114385495304
