,name,mean,std dev,5%,95%
0,kpa,4.519429259931725e-08,2.7409899610926513e-08,1.085094915317121e-08,9.52684248764657e-08
1,kSOCSon,7.665196889151351e-10,1.859086869802588e-10,5.028759062544062e-10,1.1386826929618309e-09
2,kd4,0.256890257928137,0.17391296250818092,0.12320467235910057,0.6944044862941983
3,k_d4,0.1501875690303906,0.0875707883044375,0.014993519626681585,0.2900832416166831
4,R1,1195.6262748408171,632.9561580297726,425.1443501718349,2214.2692653029576
5,R2,4542.592260422443,406.0771408471181,3862.508789682161,5245.069577216285
6,gamma,25.611676086467693,7.760760098928955,14.478430746070401,36.24441336977996
