,name,mean,std dev,2.5%,25%,75%,97.5%
0,kpa,5.755536054395462e-09,4.044082155788659e-09,1.0533731070180536e-09,1.943044279154121e-09,1.0085199082910658e-08,1.254458669866379e-08
1,kSOCSon,6.829080858105522e-10,2.394225808376699e-10,2.8082585533927505e-10,4.883793534061969e-10,8.810107282103491e-10,1.0696370242446887e-09
2,kd4,0.03711456709589564,0.03711878100417884,0.002472605006785682,0.0038690890569101147,0.05408132912997829,0.11813931050010332
3,k_d4,0.1451282148777714,0.16952072591018785,0.008889655957788551,0.027911508092684466,0.17409818693950055,0.5788075298077576
4,delR,743.5267997589737,1665.5389155645876,-2315.9773619370767,-459.0543856344469,1969.8480748074694,3538.221586860397
5,gamma,26.082073794387963,9.30114583655397,6.06570898584358,19.178500293096576,32.99291864784879,38.882601885900435
