,name,mean,std dev,2.5%,25%,75%,97.5%
0,kpa,6.516447682398574e-10,8.583413515170901e-11,5.266739255510507e-10,6.045373189321716e-10,7.102041996084627e-10,7.707817550978772e-10
1,kSOCSon,5.749442119069856e-05,1.1244292459980117e-05,4.502100483320702e-05,4.921223496455186e-05,6.231185488002237e-05,7.659681277405892e-05
2,kd4,0.5434795575894936,0.14711441842488732,0.33396811104712126,0.4662632531776603,0.6129649384245565,0.7708583685276865
3,k_d4,0.3136760212260578,0.2229511388970209,0.0460378103075158,0.201820846794128,0.4164928173680335,0.6870953224014914
4,delR,1654.117081358476,980.6113599026324,-37.23721500158672,1286.220414657647,2345.5018792523574,2720.5535026729913
5,gamma,13.484753034465832,5.936301274661943,4.440292365850882,12.16268892832437,15.365378062609134,22.537096310850664
