,name,mean,std dev,2.5%,25%,75%,97.5%
0,kpa,9.062258397096472e-06,5.265894140888727e-06,3.1585861407830674e-06,5.2198153363279704e-06,1.307143501368498e-05,1.898838545175347e-05
1,kSOCSon,2.3998387670071447e-06,1.0735462770940344e-06,9.293661381149192e-07,1.7218027175562285e-06,2.671971454872212e-06,4.711855094127865e-06
2,kd4,0.8319551218644935,0.30638060544416357,0.3677308982275919,0.6184227767169923,1.110333072051229,1.3300334892663062
3,k_d4,0.5810033255486814,0.1677049015696125,0.24245367184488237,0.48148499625469704,0.7191932367858813,0.764395820177517
4,delR,-73.57031301326651,1748.4761251020168,-3269.287105472312,-978.6489497778605,930.5494129982152,2919.9807035795875
5,meanR,2980.649264730155,1183.9555037022526,1193.7755122867404,2220.27376286821,3661.4614237565643,5307.280795933075
