,name,mean,std dev,5%,95%
0,kpa,3.5927339786970236e-07,1.6410676379356475e-07,2.170325103152098e-07,8.213934041529085e-07
1,kSOCSon,2.4480984587990414e-06,1.8345648298250344e-06,8.103142014418835e-07,6.8386232542600585e-06
2,kd4,0.5254721886014969,0.26366099599893417,0.17851974692251998,1.0124804813502002
3,k_d4,0.41324258797582675,0.33200748054304635,0.04015416054192544,1.0789612320554776
4,R1,2185.3455964595596,542.6629075937705,1331.1292573785468,3122.638684293739
5,R2,3212.160633850115,1488.308544290142,1327.0781721420567,5548.101918037872
6,gamma,6.33937138876559,2.261440391325775,3.2274872446155354,10.557280158984096
