,name,mean,std dev,5%,95%
0,kpa,3.082934984951186e-06,1.0646938570740129e-06,1.8861958401804688e-06,5.203939436940621e-06
1,kSOCSon,3.911310528809687e-06,2.674472034608387e-06,9.349873862439958e-07,1.0724011818118855e-05
2,kd4,3.521132245742547,3.416996632552774,0.2619768916092518,11.559786777280207
3,k_d4,3.5562951903831963,4.220188552113666,0.24248533540240078,10.785662877526844
4,R1,3606.6660647183908,1628.5653680760058,572.2548355124145,5571.986209375974
5,R2,2041.9663096266697,780.2137001098457,1239.8468422403216,3697.202623248699
6,gamma,4.139885615189038,1.3552237928052804,2.4933571944413,6.482529642902238
