,name,mean,std dev,2.5%,25%,75%,97.5%
0,kpa,2.9346984013099433e-07,1.0213730671148076e-07,1.3071793542451433e-07,2.10524865852916e-07,3.691036079387262e-07,4.705444512301127e-07
1,kSOCSon,3.6523943326767525e-08,1.9365689631075842e-08,1.3025126827885595e-08,1.990404167554133e-08,4.6538601976564825e-08,8.153247426638265e-08
2,kd4,1.5505523625574427,0.8288395432948097,0.5373398553577717,0.8812322540062525,2.015462165072772,3.4026113890813994
3,k_d4,1.6929850248988778,1.317240490782351,0.14251982308999678,0.6776366465664967,2.5097341764348697,4.43301074046142
4,delR,329.20388246865383,1734.8771872293369,-2541.4796400525915,-1208.9897159699258,1942.2798324288929,3306.1554745819203
5,gamma,18.975600418706602,9.012055420921792,5.726912822464973,12.109213338278876,24.242481701928305,36.82335889584728
