,name,mean,std dev,2.5%,25%,75%,97.5%
0,kpa,5.009764734734287e-07,7.278080391727607e-07,7.046728625862441e-08,8.560988606343977e-08,4.5631906222374496e-07,2.187859795095409e-06
1,kSOCSon,7.143920116785598e-07,6.777085049569575e-07,4.3956125164074845e-08,1.597882240760589e-07,1.1600537681782531e-06,2.0347120861564192e-06
2,kd4,0.5229147906800523,0.19873894092703945,0.25230887486795267,0.38728233616377683,0.5773894080044564,0.9218611959500311
3,k_d4,0.4416762310923783,0.14981640604557683,0.17246110175470605,0.30788259694633413,0.5371371995819891,0.6223813894389963
4,delR,1672.1051953915683,1278.1688370053316,-824.2889911165438,1365.734448173912,2376.57663811966,3494.794816892193
