,name,mean,std dev,2.5%,25%,75%,97.5%
0,kpa,2.161757710520077e-06,2.0957476358435192e-07,1.845486250240317e-06,2.0393678846443577e-06,2.3168715218651486e-06,2.510508024476315e-06
1,kSOCSon,8.66305015383028e-08,2.2932939369717508e-08,6.715828713116904e-08,6.881321575852725e-08,9.124468902426232e-08,1.3465361918866336e-07
2,kd4,0.2974022567039018,0.2103883457924137,0.09952965119917474,0.1333818689354197,0.4812719364439238,0.6372761308503221
3,k_d4,0.0008932328833152972,0.00032146487125875523,0.0004775906709594212,0.0006729541867502119,0.0010121524512042644,0.0014505843808681291
4,delR,45.07371075777233,541.7905568177059,-804.0145263511607,-514.4018933417384,427.8404279591772,687.7250881229737
