,kpa,kSOCSon,kd4,k_d4,delR,gamma
0,2.123636432579653e-06,6.881321575852725e-08,0.6405191280844386,0.0013159239128998333,674.428296768061,0.6413605533652476
1,2.156477928668273e-06,6.708976300726617e-08,0.6243041419138564,0.0010121524512042644,-118.7769608511095,0.6954863067834463
2,2.0393678846443577e-06,6.743238362678056e-08,0.4812719364439238,0.0009979528144165634,-514.4018933417384,0.7617853038608909
3,1.8092300009029991e-06,7.137052678292162e-08,0.2705625430451765,0.0008069093095576035,-873.7714968359934,0.8518657508650934
4,2.0885938170620305e-06,8.589697096075034e-08,0.1333818689354197,0.0006759614302948035,-524.9866444118297,0.6896418857620477
5,1.9905112475895884e-06,8.711399020578332e-08,0.15543938827306267,0.0006346720108732199,427.8404279591772,0.6683392616899861
6,2.3168715218651486e-06,9.124468902426232e-08,0.14738320099369967,0.0006729541867502119,420.4086152475193,0.61264387407395
7,2.3906607076976605e-06,9.652793399013915e-08,0.13246138486209388,0.00043832033598097147,691.0492859617018,0.5882972422585546
8,2.5404698536709783e-06,1.4418504048829443e-07,0.09129671778344495,0.0014842494978602031,223.87376632416272,0.588813391262996
