,kpa,kSOCSon,kd4,k_d4,delR,gamma
0,7.782157701998242e-10,6.392814717772364e-05,0.3177481170607685,0.024704416194860655,1623.9499773133007,12.765235065614085
1,7.18743649384248e-10,5.746297798691857e-05,0.4475080689515908,0.25139502341680897,2405.1452471472617,13.297961355682837
2,6.845858502811069e-10,7.840662214496396e-05,0.5225288058558688,0.7178910234085938,2765.6118248909524,23.463179074555345
3,6.028115304994303e-10,5.2463108092005055e-05,0.6345492498951956,0.471525415351775,2166.5717755676455,16.054516964917898
4,6.097146842303958e-10,4.4577061153846e-05,0.7903310997608994,0.2211686798882064,1173.6438937724292,3.3657855301303705
5,5.157971248441392e-10,4.8128610588734125e-05,0.5482120040126391,0.19537156909610187,-210.22023054073185,11.961840215894465
