,kpa,kSOCSon,kd4,k_d4,delR,gamma
0,8.020264819448397e-08,0.00014584563915063042,0.7529761866922209,0.004901603724513589,648.4857589881273,9.331305461320166
1,8.82478677511037e-08,0.0001421665774955161,0.8654056456682284,0.0077834095055233105,1705.7066410640164,11.072407440532782
2,9.241877882066178e-08,0.00011499784715781467,0.8175319787308564,0.013065650234308432,1839.7624218873461,12.536450091589822
3,1.033411473242479e-07,0.00011833213309191388,0.5775834821000155,0.06279991082309108,2859.387351073678,8.632291109650057
4,1.1731789984525756e-07,0.0001355628376992354,0.7845495841393625,0.09566845566449605,2941.3696937370964,8.57102543409392
5,9.917324811839663e-08,0.0001433268464440723,0.4192000311038649,0.6620920869519344,2526.2114535395954,7.805075636316547
6,1.2650097597384476e-07,0.00015785684586328778,0.47084994570017263,0.5288787895834266,1773.4307954765345,6.602330845043561
7,1.3117902590631972e-07,0.00017154989340684317,0.6867309265667895,0.4023890326920976,1524.5235943293276,14.176105255059383
8,1.1595669932045216e-07,0.00018637139942532228,0.6246776706855556,0.7501088605106796,1236.58381998296,14.387636810450916
