,variable,GR Statistic
0,kpa,2.6220303964164007
1,kSOCSon,2.069862536717542
2,R1,0.816506507104437
3,R2,1.230230831256954
4,kd4,0.8165218331147734
5,k_d4,1.663730202991888
