,variable,GR Statistic
0,kpu,2.1829825235388696
1,kSOCSon,0.8165074152497174
2,R1,0.8632546410621802
3,R2,1.1371027547804375
4,kd4,1.4365779781087389
5,k_d4,1.0007319100063552
6,kint_b,1.6359564900192562
7,krec_b1,0.9018479149820313
8,kSOCSon,0.8165074152497174
9,ka1,
10,ka2,0.8203452699050536
11,kint_a,1.481131069774448
12,krec_a1,0.8220444796720561
13,k_a1,1.5030643395792795
