,kpa,kSOCSon,kd4,k_d4,R1,R2,kint_a,kint_b,krec_a2,krec_b2
count,5000.0,5000.0,5000.0,5000.0,5000.0,5000.0,5000.0,5000.0,5000.0,5000.0
mean,-6.016595327675509,-6.0485344927804165,-0.5341044581910834,-2.231992619510681,3.3061271003324726,3.278366965478381,-3.3269289066787526,-3.6953323617909466,-2.3255029259203774,-3.020062158355398
std,0.2824888324348158,0.28207718475239374,0.20079213936792709,0.17914066788913777,0.19667815475888836,0.193861771840033,0.28255472141510246,0.2892982240390082,0.28761611191131886,0.28026205291672796
min,-6.8085157549313635,-6.836844508539052,-1.3506692132294749,-2.8776188304990775,2.6415735577575186,2.6727969801140095,-4.2498916907511095,-4.888609850596464,-3.3428448653773137,-4.1051728890675925
25%,-6.202420683935591,-6.248539999992921,-0.656528076763252,-2.3573140682905285,3.1742186879009946,3.1485094271269816,-3.506236083031247,-3.8822600761443193,-2.522640680128198,-3.209202368885234
50%,-6.009398427831447,-6.042452182944074,-0.530316868615787,-2.2288886163196797,3.299274012449115,3.273108663469052,-3.3335110547867313,-3.6915940176207505,-2.3058045637694624,-3.026469024599009
75%,-5.817618789910984,-5.861000233205901,-0.40075709356142414,-2.109500371243325,3.4413875562914784,3.418112654265491,-3.1385036457552236,-3.501226668189266,-2.1336474109544734,-2.825730264039545
max,-5.177614247815102,-5.264294851936773,0.2253741751810288,-1.6447079767085986,3.9044276923567804,3.8663938045061346,-2.3209206010497336,-2.898214091372481,-1.355884978048204,-2.1941224579161123
