,kpa,kSOCSon,kd4,k_d4,R1,R2,kint_a,kint_b,krec_a2,krec_b2
count,5000.0,5000.0,5000.0,5000.0,5000.0,5000.0,5000.0,5000.0,5000.0,5000.0
mean,-6.001493966430395,-5.983854951014998,-0.5227258135809014,-2.213579975848271,3.2996541802959647,3.3070472409481284,-3.2896004006159894,-3.7159467476634447,-2.2785045931845165,-3.0211107176726526
std,0.2923177666835347,0.2806461710553274,0.19261776895753394,0.20350191581909977,0.19516256366345688,0.18511019933489276,0.27197684456452653,0.29420041818196685,0.30160641731186566,0.3022745381285225
min,-6.876854125897356,-6.993592197925932,-1.143284488289962,-2.825030375126822,2.5954305776206934,2.7237498883469637,-4.133304213545857,-4.747237856031276,-3.2114107198899657,-3.957299190519276
25%,-6.188653024901943,-6.180130351615688,-0.6487580157212223,-2.346231088286113,3.1661989631482914,3.180481629731683,-3.479767932851645,-3.9135948559109033,-2.4850515157985895,-3.215956829271169
50%,-6.017750503875696,-5.995139026654261,-0.5227224781932793,-2.2045901222963082,3.307702962110734,3.3040445098833047,-3.2955635438519737,-3.7104334001725774,-2.2772232348434613,-3.019023344958286
75%,-5.808306228263529,-5.7894525633130955,-0.3921976441281942,-2.076803643454401,3.434966569325179,3.4264916822834834,-3.104399338414801,-3.523235588902325,-2.0588565852003935,-2.8284621670980674
max,-5.054343572676649,-4.971188038578341,0.03684590181992385,-1.664328462388753,4.005825492711883,3.9470092575159845,-2.352532198403126,-2.7059401130965166,-1.3600044560732638,-2.0295130901142007
