,kpa,kSOCSon,kd4,k_d4,R1,R2,kint_a,kint_b,krec_a2,krec_b2
count,5000.0,5000.0,5000.0,5000.0,5000.0,5000.0,5000.0,5000.0,5000.0,5000.0
mean,-5.891513922930065,-6.0417003304158,-0.5185528865134084,-2.2332593255071482,3.3163305425418868,3.342714130412433,-3.293541301695403,-3.715795123124372,-2.3135028440017598,-2.995196018945695
std,1.0361293270348586,0.9659850488608502,0.2923401805243946,0.2996890952933266,0.28975583766350377,0.2922258133520421,1.0296806634372087,1.0208792801065751,0.9663820903201962,0.921347766296055
min,-9.3028485398785,-9.067739062547606,-1.3144468005395002,-3.1235467668202075,2.2214320973144064,2.320665440331151,-7.223363373665642,-6.715328545964911,-5.351382477961936,-5.799478071637108
25%,-6.589858562908485,-6.737411160332786,-0.7289261990457805,-2.438439471795726,3.1319062451228987,3.1379289357621767,-3.9785927905085643,-4.40162290374216,-2.9587496836354124,-3.62635475367704
50%,-5.90508745493929,-6.0614347925927365,-0.5180544860386859,-2.2328667911870066,3.3260032265371167,3.3473568714306863,-3.2887319533730808,-3.7415227105507776,-2.303689136443887,-2.944083684513726
75%,-5.211618750753471,-5.353609659965115,-0.31826009855317666,-2.03301204395768,3.5226549774398395,3.5499751392101033,-2.601444414773747,-3.0053150039117966,-1.6715999681910427,-2.3613754992618503
max,-2.7013730766924766,-2.7827125334690717,0.45006752452205373,-1.3268372977956846,4.130334067648585,4.256060423570247,0.14733439131611956,-0.7063220722322013,0.9631648287820653,-0.3987808272296571
