,kpa,kSOCSon,kd4,k_d4,R1,R2,kint_a,kint_b,krec_a2,krec_b2
count,5000.0,5000.0,5000.0,5000.0,5000.0,5000.0,5000.0,5000.0,5000.0,5000.0
mean,-5.98497314578636,-6.016680324160538,-0.5381517366486529,-2.23646488963055,3.310249765837341,3.3075541052090363,-3.322717092755914,-3.6798024839367236,-2.289624059635483,-2.968170611046083
std,0.28780286858311394,0.2704230033736497,0.19369770084727386,0.1836855578290929,0.20308603770473735,0.1825022677463859,0.2949008525985485,0.2972814212381208,0.29548296499789023,0.29616711064204443
min,-6.939554010128423,-6.909600408729331,-1.1902565161914749,-2.9109018526622346,2.713177753377607,2.7245478397978644,-4.290550640120311,-4.719226673502071,-3.340414353688308,-4.002415850714394
25%,-6.176362801571271,-6.198171154764173,-0.6615910921771198,-2.3653816902475353,3.1718690143039825,3.184046637478756,-3.523653607848178,-3.882311543475012,-2.4929146359446213,-3.1645085281264
50%,-5.973478831752939,-6.006719786215628,-0.5432598469790861,-2.242595284386282,3.3166078948621043,3.306632885839541,-3.310085556665543,-3.670856439317376,-2.298345282086033,-2.9689895645300153
75%,-5.787859529435975,-5.826760205761798,-0.4140740878928859,-2.1152389228269106,3.4503340500301856,3.4368494621431047,-3.120295507756584,-3.4798862144611835,-2.096255886306962,-2.777297597342137
max,-5.0917259362308664,-5.113235083498282,0.2614325506954234,-1.642795056271218,3.9640175938392117,3.8581987106806293,-2.4280712101747333,-2.7578217039459094,-1.360521452177632,-1.7175542998135522
