Name,K1 x K2,AV Experiment,AV Model,AP Experiment,AP Model
L30A,742,665,227598.4249,850,3196.486002
R149A,96,125,240736.8824,450,1577.7202
A145G,32,25,716.7432419,213,422.6401616
L26A,4.5,1.5,16.95379722,6,17.15847467
"YNS, M148A",1,1,598.1621356,1.4,195.9921359
"YNS, L153A",0.14,3,58.25160078,1,40.72969414
YNS,0.016666667,0.1,0.023023519,0.0016,0.024763068
