Name,K1 x K2,AV Experiment,AV Model,AP Experiment,AP Model
L30A,742.0,900.0,0.0,10000.0,0.0
R149A,96.0,200.0,0.0,1000.0,0.0
A145G,32.0,30.0,0.0,100.0,0.0
L26A,4.5,2.0,0.0,7.0,0.0
YNSL153A,0.14,5.999999999999999,0.0,0.9,0.0
YNSM148A,1.0,2.0,0.0,1.0,0.0
YNS,0.02,0.19999999999999998,0.0,0.001,0.0
