Name,K1 x K2,AV Experiment,AV Model,AP Experiment,AP Model
R149A,96.00000000000003,665.,86.23024267323811,850.,73.6552533714742
A145G,32.000000000000014,125.,30.190023911271027,450.,27.626963563989722
L26A,4.500000000000001,25.,4.434110685826743,213.,4.33166632833683
"YNS, M148A",0.12875999999999996,1.5,0.4932082452300326,6.,0.4409416310190833
"YNS, L153A",0.01748,3.,0.07197021162065047,1.,0.06929554690528943
YNS,0.0016799999999999996,1.,0.0072715223617092735,1.4,0.007434335178369218